Video,Frame,Name
v2.mp4,360,筠兒
v2.mp4,720,Michelle
v2.mp4,720,Stella
v2.mp4,1080,Candy
v2.mp4,1260,阿蛋
v2.mp4,1260,Candy
v2.mp4,1260,筠兒
v2.mp4,1440,Tania
v2.mp4,1620,Zoe
v2.mp4,1620,Ashi
v2.mp4,1620,何佩
v2.mp4,1620,丁丁
v2.mp4,1800,Zoe
v2.mp4,1980,Day
v2.mp4,2160,筠兒
v2.mp4,2160,Tania
v2.mp4,2160,莎莎
v2.mp4,2160,Yanny
v2.mp4,2340,筠兒
v2.mp4,2340,CK
v2.mp4,2520,Ash
v2.mp4,2520,Ivy So
v2.mp4,2520,阿 Wing
v2.mp4,2700,Candy
v2.mp4,2880,Mei Mei
v2.mp4,3060,Mei Mei
v2.mp4,3060,Christine
v2.mp4,3060,May May
v2.mp4,3060,Stella
v2.mp4,3240,Yanny
v2.mp4,3420,Ash
v2.mp4,3600,筠兒
v2.mp4,3780,Emiko
v2.mp4,3780,Vicky
v2.mp4,3960,何佩
v2.mp4,4140,Ivy So
v2.mp4,4140,Ash
v2.mp4,4140,阿妹
v2.mp4,4320,燒賣
v2.mp4,4320,Chloe Au
v2.mp4,4320,Vicky
v2.mp4,4320,丁丁
v2.mp4,4680,May May
v2.mp4,4680,Christine
v2.mp4,4680,Vicky
v2.mp4,4860,Candy
v2.mp4,4860,Zoe
v2.mp4,4860,筠兒
v2.mp4,5040,Michelle
v2.mp4,5040,燒賣
v2.mp4,5220,Ashi
v2.mp4,5760,Yoyo
v2.mp4,6660,Yoyo
